start_time,end_time,speaker,text
00:00:00,00:00:05,Dr. Johnson,"Good morning, everyone."
00:00:05,00:00:10,Dr. Rodriguez,"Good morning, Dr. Johnson."
00:00:10,00:00:15,Dr. Chen,"Morning, colleagues."
00:00:15,00:00:20,Dr. Johnson,"Today, I'd like to discuss tuning our machine learning model."
00:00:20,00:00:25,Dr. Rodriguez,"That's a crucial topic. Our model's performance can greatly impact our results."
00:00:25,00:00:30,Dr. Chen,"Agreed. What aspects of the model are we focusing on?"
00:00:30,00:00:35,Dr. Johnson,"We should start by examining the hyperparameters."
00:00:35,00:00:40,Dr. Rodriguez,"Exactly. Optimizing the hyperparameters can significantly enhance the model's accuracy."
00:00:40,00:00:45,Dr. Chen,"Do we have a list of hyperparameters we should consider adjusting?"
00:00:45,00:00:50,Dr. Johnson,"Yes, I've compiled a list based on the model's architecture and previous research."
00:00:50,00:00:55,Dr. Rodriguez,"Could you share the list with us, Dr. Johnson?"
00:00:55,00:01:00,Dr. Johnson,"Certainly. I'll send it to both of you after the meeting."
00:01:00,00:01:05,Dr. Chen,"Thank you, Dr. Johnson. We can review the list and suggest potential changes."
00:01:05,00:01:10,Dr. Johnson,"That would be excellent. Collaboration is key in achieving optimal results."
00:01:10,00:01:15,Dr. Rodriguez,"Are there any other areas we should focus on apart from the hyperparameters?"
00:01:15,00:01:20,Dr. Johnson,"We should also consider feature engineering and data preprocessing techniques."
00:01:20,00:01:25,Dr. Chen,"Indeed, transforming and selecting relevant features can greatly impact the model's performance."
00:01:25,00:01:30,Dr. Rodriguez,"And we should evaluate different data preprocessing methods to handle outliers and missing values."
00:01:30,00:01:35,Dr. Johnson,"Precisely. We should experiment with different techniques and assess their impact."
00:01:35,00:01:40,Dr. Chen,"Do we have any specific approaches in mind for feature engineering and data preprocessing?"
00:01:40,00:01:45,Dr. Johnson,"I suggest we research the latest techniques in the field and adapt them to our specific problem."
00:01:45,00:01:50,Dr. Rodriguez,"Additionally, we can leverage our domain knowledge to engineer domain-specific features."
00:01:50,00:01:55,Dr. Chen,"That sounds like a comprehensive plan. We can allocate time for individual exploration and then regroup to discuss our findings."
00:01:55,00:02:00,Dr. Johnson,"Agreed. Let's schedule a follow-up meeting to share our results and decide on the next steps."
00:02:00,00:02:05,Dr. Rodriguez,"I'll create a meeting invitation and circulate it to the team."
,00:02:10,Dr. Chen,"Thank you, Dr. Rodriguez. It's essential to have a structured plan for this tuning process."
00:02:10,00:02:15,Dr. Johnson,"Absolutely. A systematic approach will help us make informed decisions."
00:02:15,00:02:20,Dr. Rodriguez,"In the meantime, we should also consider the computational resources required for these experiments."
00:02:20,00:02:25,Dr. Chen,"That's a good point. We need to ensure we have access to sufficient computing power."
00:02:25,00:02:30,Dr. Johnson,"I'll coordinate with the IT department to allocate the necessary resources for our experiments."
00:02:30,00:02:35,Dr. Rodriguez,"Excellent. We should also keep track of the different configurations and their corresponding results."
00:02:35,00:02:40,Dr. Chen,"We can maintain a shared document where we record our experiments and findings."
00:02:40,00:02:45,Dr. Johnson,"That's a great idea. It will help us keep track of our progress and avoid repeating unsuccessful attempts."
00:02:45,00:02:50,Dr. Rodriguez,"Once we have identified the optimal configuration, we can fine-tune it further."
00:02:50,00:02:55,Dr. Chen,"Yes, we can perform a more detailed search in the vicinity of the best hyperparameters."
00:02:55,00:03:00,Dr. Johnson,"We can also explore techniques like regularization and ensemble learning to enhance model performance."
00:03:00,00:03:05,Dr. Rodriguez,"Absolutely. Regularization can help prevent overfitting, and ensembling can leverage diverse models."
00:03:05,00:03:10,Dr. Chen,"By combining our efforts and expertise, I'm confident we can achieve excellent results."
00:03:10,00:03:15,Dr. Johnson,"I share the same confidence. Let's proceed with this plan and reconvene in the next meeting."
00:03:15,00:03:20,Dr. Rodriguez,"Sounds like a plan. Thank you, everyone, for your contributions and dedication."
00:03:20,00:03:25,Dr. Chen,"Thank you all. Looking forward to the next steps."
00:03:25,00:03:30,Dr. Johnson,"Keep up the great work, and have a productive week ahead. Meeting adjourned."